<?xml version="1.0" encoding="UTF-8"?><nfeProc versao="4.00" xmlns="http://www.portalfiscal.inf.br/nfe">
<NFe xmlns="http://www.portalfiscal.inf.br/nfe"><infNFe Id="NFe15250248294741000159650020000011781100011789" versao="4.00"><ide><cUF>15</cUF><cNF>10001178</cNF><natOp>VENDA PDV NFC-e</natOp><mod>65</mod><serie>2</serie><nNF>1178</nNF><dhEmi>2025-02-07T09:46:38-03:00</dhEmi><tpNF>1</tpNF><idDest>1</idDest><cMunFG>1502400</cMunFG><tpImp>4</tpImp><tpEmis>1</tpEmis><cDV>9</cDV><tpAmb>1</tpAmb><finNFe>1</finNFe><indFinal>1</indFinal><indPres>1</indPres><procEmi>0</procEmi><verProc>LCV3.1.8</verProc></ide><emit><CNPJ>48294741000159</CNPJ><xNome>COMERCIAL VEM K QUE TEM LTDA</xNome><xFant>VEM K QUE TEM</xFant><enderEmit><xLgr>R VILA NOVA</xLgr><nro>131</nro><xBairro>BAIA DO SOL</xBairro><cMun>1502400</cMun><xMun>CASTANHAL</xMun><UF>PA</UF><CEP>66000000</CEP><cPais>1058</cPais><xPais>BRASIL</xPais><fone>9137712987</fone></enderEmit><IE>158617622</IE><CRT>1</CRT></emit><det nItem="1"><prod><cProd>874</cProd><cEAN>SEM GTIN</cEAN><xProd>PIMENTINHA VERDE</xProd><NCM>07041000</NCM><CEST>0000000</CEST><CFOP>5405</CFOP><uCom>KG</uCom><qCom>0.1300</qCom><vUnCom>20.0000</vUnCom><vProd>2.60</vProd><cEANTrib>SEM GTIN</cEANTrib><uTrib>KG</uTrib><qTrib>0.1300</qTrib><vUnTrib>20.0000</vUnTrib><indTot>1</indTot></prod><imposto><vTotTrib>0.00</vTotTrib><ICMS><ICMSSN500><orig>0</orig><CSOSN>500</CSOSN><vBCSTRet>0.00</vBCSTRet><pST>0.00</pST><vICMSSTRet>0.00</vICMSSTRet><pRedBCEfet>0.00</pRedBCEfet><vBCEfet>0.00</vBCEfet><pICMSEfet>0.00</pICMSEfet><vICMSEfet>0.00</vICMSEfet></ICMSSN500></ICMS><PIS><PISNT><CST>07</CST></PISNT></PIS><COFINS><COFINSNT><CST>07</CST></COFINSNT></COFINS></imposto></det><det nItem="2"><prod><cProd>875</cProd><cEAN>SEM GTIN</cEAN><xProd>PIMENTAO VERDE</xProd><NCM>07041000</NCM><CEST>0000000</CEST><CFOP>5405</CFOP><uCom>KG</uCom><qCom>0.1180</qCom><vUnCom>11.9000</vUnCom><vProd>1.40</vProd><cEANTrib>SEM GTIN</cEANTrib><uTrib>KG</uTrib><qTrib>0.1180</qTrib><vUnTrib>11.9000</vUnTrib><indTot>1</indTot></prod><imposto><vTotTrib>0.00</vTotTrib><ICMS><ICMSSN500><orig>0</orig><CSOSN>500</CSOSN><vBCSTRet>0.00</vBCSTRet><pST>0.00</pST><vICMSSTRet>0.00</vICMSSTRet><pRedBCEfet>0.00</pRedBCEfet><vBCEfet>0.00</vBCEfet><pICMSEfet>0.00</pICMSEfet><vICMSEfet>0.00</vICMSEfet></ICMSSN500></ICMS><PIS><PISNT><CST>07</CST></PISNT></PIS><COFINS><COFINSNT><CST>07</CST></COFINSNT></COFINS></imposto></det><det nItem="3"><prod><cProd>184</cProd><cEAN>7891107101621</cEAN><xProd>OLEO SOJA SOYA 900ML</xProd><NCM>15079011</NCM><CEST>1706500</CEST><CFOP>5405</CFOP><uCom>UN</uCom><qCom>1.0000</qCom><vUnCom>11.7500</vUnCom><vProd>11.75</vProd><cEANTrib>7891107101621</cEANTrib><uTrib>UN</uTrib><qTrib>1.0000</qTrib><vUnTrib>11.7500</vUnTrib><indTot>1</indTot></prod><imposto><vTotTrib>0.00</vTotTrib><ICMS><ICMSSN500><orig>0</orig><CSOSN>500</CSOSN><vBCSTRet>0.00</vBCSTRet><pST>0.00</pST><vICMSSTRet>0.00</vICMSSTRet><pRedBCEfet>0.00</pRedBCEfet><vBCEfet>0.00</vBCEfet><pICMSEfet>0.00</pICMSEfet><vICMSEfet>0.00</vICMSEfet></ICMSSN500></ICMS><PIS><PISNT><CST>07</CST></PISNT></PIS><COFINS><COFINSNT><CST>07</CST></COFINSNT></COFINS></imposto></det><det nItem="4"><prod><cProd>843</cProd><cEAN>SEM GTIN</cEAN><xProd>CEBOLA</xProd><NCM>07122000</NCM><CEST>0000000</CEST><CFOP>5405</CFOP><uCom>KG</uCom><qCom>0.2000</qCom><vUnCom>6.0000</vUnCom><vProd>1.20</vProd><cEANTrib>SEM GTIN</cEANTrib><uTrib>KG</uTrib><qTrib>0.2000</qTrib><vUnTrib>6.0000</vUnTrib><indTot>1</indTot></prod><imposto><vTotTrib>0.00</vTotTrib><ICMS><ICMSSN500><orig>0</orig><CSOSN>500</CSOSN><vBCSTRet>0.00</vBCSTRet><pST>0.00</pST><vICMSSTRet>0.00</vICMSSTRet><pRedBCEfet>0.00</pRedBCEfet><vBCEfet>0.00</vBCEfet><pICMSEfet>0.00</pICMSEfet><vICMSEfet>0.00</vICMSEfet></ICMSSN500></ICMS><PIS><PISNT><CST>07</CST></PISNT></PIS><COFINS><COFINSNT><CST>07</CST></COFINSNT></COFINS></imposto></det><det nItem="5"><prod><cProd>1497</cProd><cEAN>7898517880122</cEAN><xProd>CHARQUE CARLITO 400G</xProd><NCM>02102000</NCM><CEST>0000000</CEST><CFOP>5405</CFOP><uCom>UN</uCom><qCom>1.0000</qCom><vUnCom>5.7500</vUnCom><vProd>5.75</vProd><cEANTrib>7898517880122</cEANTrib><uTrib>UN</uTrib><qTrib>1.0000</qTrib><vUnTrib>5.7500</vUnTrib><indTot>1</indTot></prod><imposto><vTotTrib>0.00</vTotTrib><ICMS><ICMSSN500><orig>0</orig><CSOSN>500</CSOSN><vBCSTRet>0.00</vBCSTRet><pST>0.00</pST><vICMSSTRet>0.00</vICMSSTRet><pRedBCEfet>0.00</pRedBCEfet><vBCEfet>0.00</vBCEfet><pICMSEfet>0.00</pICMSEfet><vICMSEfet>0.00</vICMSEfet></ICMSSN500></ICMS><PIS><PISNT><CST>07</CST></PISNT></PIS><COFINS><COFINSNT><CST>07</CST></COFINSNT></COFINS></imposto></det><total><ICMSTot><vBC>0.00</vBC><vICMS>0.00</vICMS><vICMSDeson>0.00</vICMSDeson><vFCPUFDest>0.00</vFCPUFDest><vICMSUFDest>0.00</vICMSUFDest><vICMSUFRemet>0.00</vICMSUFRemet><vFCP>0.00</vFCP><vBCST>0.00</vBCST><vST>0.00</vST><vFCPST>0.00</vFCPST><vFCPSTRet>0.00</vFCPSTRet><vProd>22.70</vProd><vFrete>0.00</vFrete><vSeg>0.00</vSeg><vDesc>0.00</vDesc><vII>0.00</vII><vIPI>0.00</vIPI><vIPIDevol>0.00</vIPIDevol><vPIS>0.00</vPIS><vCOFINS>0.00</vCOFINS><vOutro>0.00</vOutro><vNF>22.70</vNF><vTotTrib>0.00</vTotTrib></ICMSTot></total><transp><modFrete>9</modFrete></transp><pag><detPag><tPag>01</tPag><vPag>22.70</vPag></detPag></pag><infAdic><infCpl>AGRADECEMOS A PREFERENCIA-VD:LUCAS</infCpl></infAdic><infRespTec><CNPJ>14988683000141</CNPJ><xContato>LEONARDO CRISPIM</xContato><email>leonardo.crispim@lcsistemas.com.br</email><fone>9134442046</fone></infRespTec></infNFe><infNFeSupl><qrCode><![CDATA[http://appnfc.sefa.pa.gov.br/portal/view/consultas/nfce/nfceForm.seam?p=15250248294741000159650020000011781100011789|2|1|1|AA34678C7733ECFE50D142F9BCB3B1DA5562C997]]></qrCode><urlChave>https://appnfc.sefa.pa.gov.br/portal/view/consultas/nfce/consultanfce.seam</urlChave></infNFeSupl><Signature xmlns="http://www.w3.org/2000/09/xmldsig#"><SignedInfo><CanonicalizationMethod Algorithm="http://www.w3.org/TR/2001/REC-xml-c14n-20010315"/><SignatureMethod Algorithm="http://www.w3.org/2000/09/xmldsig#rsa-sha1"/><Reference URI="#NFe15250248294741000159650020000011781100011789"><Transforms><Transform Algorithm="http://www.w3.org/2000/09/xmldsig#enveloped-signature"/><Transform Algorithm="http://www.w3.org/TR/2001/REC-xml-c14n-20010315"/></Transforms><DigestMethod Algorithm="http://www.w3.org/2000/09/xmldsig#sha1"/><DigestValue>xhYxmRYJ+8TUK93pVT34Vt9fI0I=</DigestValue></Reference></SignedInfo><SignatureValue>XPnAJvQVtK4JMxOKHiGJjmJR/9Xi6bDHmJKohCXe8uQfRzEI4vIoH80Ge3DG7knytzian/bZpQIy&#13;hfZcPoo1O18+4gfdpy+/2x7sTtmNCbeNTO0XNNXDNTgDLo6NTtcKaVnKknDGVBOxKJhBPZAKX5II&#13;t5rfvZe+c+exYoVrd+7V6XcfEwbwR+NmKFgymwlMOiDyEOfy4ZlF/pjftthr0v1dFfD6WKxrorLa&#13;1z1YmuMi/xt0x4HtDFgnCyklepvxDIw4crCt1RgAAjMDXiXZUZBI5Jl5CsRftOgFinYpMVgsFywm&#13;VTcqKGVxqUz07NvpzfilBrQG44JHapxBapBKAA==</SignatureValue><KeyInfo><X509Data><X509Certificate>MIIH/DCCBeSgAwIBAgIIbOayx4s/EykwDQYJKoZIhvcNAQELBQAwdjELMAkGA1UEBhMCQlIxEzAR&#13;BgNVBAoTCklDUC1CcmFzaWwxNjA0BgNVBAsTLVNlY3JldGFyaWEgZGEgUmVjZWl0YSBGZWRlcmFs&#13;IGRvIEJyYXNpbCAtIFJGQjEaMBgGA1UEAxMRQUMgUkVERSBJREVJQSBSRkIwHhcNMjUwMTI0MTkz&#13;MTQzWhcNMjYwMTI0MTkzMTQzWjCB+TELMAkGA1UEBhMCQlIxEzARBgNVBAoTCklDUC1CcmFzaWwx&#13;CzAJBgNVBAgTAlBBMQ4wDAYDVQQHEwVCRUxFTTEXMBUGA1UECxMOMzk4NzQ1MjUwMDAxOTExNjA0&#13;BgNVBAsTLVNlY3JldGFyaWEgZGEgUmVjZWl0YSBGZWRlcmFsIGRvIEJyYXNpbCAtIFJGQjEWMBQG&#13;A1UECxMNUkZCIGUtQ05QSiBBMTEZMBcGA1UECxMQdmlkZW9jb25mZXJlbmNpYTE0MDIGA1UEAxMr&#13;Q09NRVJDSUFMIFZFTSBLIFFVRSBURU0gTFREQTo0ODI5NDc0MTAwMDE1OTCCASIwDQYJKoZIhvcN&#13;AQEBBQADggEPADCCAQoCggEBAK10R8oL4XxFxJT06Wez+SceUxFxmoVNl8e5LbCq5WWt/542XXeN&#13;3qaukOM82K37liR2qdEhF6n4Sjx6WVideLcL94dQ+pTnAPb7ydj3n83bnn3t+HonMJAISO6F4nU3&#13;CNljwDmH00KK/NvJkXsrx7/qUbKZ1U7dxlllWl4yXBzToOIF5TKYzQvJmUdRbSvJjxmptFotI+Ms&#13;Py0xOJ1KjaMBywa+EtA/jXwmJQWF2/Ej7U3bOsAcbvA9AMqcTp0ycEdFrT1JU5R3+OxKWDoZsWSY&#13;+4s6+1Uf3v25wFcaELm+3YuBmMG3NHylrBBdi4Q1KKz6Egb/aNEHpssz2Azi3KECAwEAAaOCAwgw&#13;ggMEMB8GA1UdIwQYMBaAFPpT890wNX5U9nWwXVB01ddHvR+kMA4GA1UdDwEB/wQEAwIF4DBvBgNV&#13;HSAEaDBmMGQGBmBMAQIBZTBaMFgGCCsGAQUFBwIBFkxodHRwOi8vcmVwb3NpdG9yaW8uYWNyZWRl&#13;aWRlaWEuY29tLmJyL2FjLXJlZGVpZGVpYXJmYi9kcGMtYWNyZWRlaWRlaWFyZmIucGRmMIG2BgNV&#13;HR8Ega4wgaswU6BRoE+GTWh0dHA6Ly9yZXBvc2l0b3Jpby5hY3JlZGVpZGVpYS5jb20uYnIvYWMt&#13;cmVkZWlkZWlhcmZiL2xjci1hYy1yZWRlaWRlaWFyZmIuY3JsMFSgUqBQhk5odHRwOi8vcmVwb3Np&#13;dG9yaW8yLmFjcmVkZWlkZWlhLmNvbS5ici9hYy1yZWRlaWRlaWFyZmIvbGNyLWFjLXJlZGVpZGVp&#13;YXJmYi5jcmwwgb8GCCsGAQUFBwEBBIGyMIGvMFUGCCsGAQUFBzAChklodHRwOi8vcmVwb3NpdG9y&#13;aW8uYWNyZWRlaWRlaWEuY29tLmJyL2FjLXJlZGVpZGVpYXJmYi9hYy1yZWRlaWRlaWFyZmIucDdi&#13;MFYGCCsGAQUFBzAChkpodHRwOi8vcmVwb3NpdG9yaW8yLmFjcmVkZWlkZWlhLmNvbS5ici9hYy1y&#13;ZWRlaWRlaWFyZmIvYWMtcmVkZWlkZWlhcmZiLnA3YjCBxQYDVR0RBIG9MIG6gRtKT1RBQ09OU1VM&#13;VE9SSUFAT1VUTE9PSy5DT02gKAYFYEwBAwKgHxMdUkFRVUVMIEhFTExFTiBSSUJFSVJPIERFIExJ&#13;TUGgGQYFYEwBAwOgEBMONDgyOTQ3NDEwMDAxNTmgPQYFYEwBAwSgNBMyMjkwMzE5ODY5MzMxMjc0&#13;MTIyMDAwMDAwMDAwMDAwMDAwMDAwMDA1NTg0NzUzU1NQUEGgFwYFYEwBAwegDhMMMDAwMDAwMDAw&#13;MDAwMB0GA1UdJQQWMBQGCCsGAQUFBwMCBggrBgEFBQcDBDANBgkqhkiG9w0BAQsFAAOCAgEALdz8&#13;VEwbJ4SXlNfSAniKQv6nmqNfukkNKx5ofQB+stFh+MEONqFb9MZGxUyA1Ppg50OTpN/MaleKLdW0&#13;viWoqYYW9HDaOjGeZ4pSMb8uj1P6pghX6JZhKi6jne0uX+FVP8bIPl7xbmU9lrphECeet/xmhOyU&#13;PJE7x3J1zF472alITlx+2CQsMyfC7SVeoMwrXnKWVObwR/VzNFTCpDg1nBZKuU2MT7VFyGqqnQQy&#13;1m7Li9z1LTcQcvJP8Wkd6z3yeZfQnLCx7vA+yJuRTmktzuFGH6fSL4FdxZlprvzkUNrEwc2J2UUT&#13;r9nGhrMuiaVdD6SqkUCibW8gntbsopB7+WIBgTvukri7k71SXO/52Ky8DzEhFDl7ESFnmMwW9SV1&#13;43V6RU7s10Nkl2jDhKZHr0vz0Ad1uyLaiPjhpW7tty1XwqjBztx2bEpAke9Z4jwanvMGNJChIOyo&#13;2FWWlKv1GGrEq0uqz8vfIJzRZG3bKD2rOeLeNOHPtRGzWgnzmFOIxMtQsQgMcxGe+gGbKO+e/lCD&#13;MpAnmtYMupF7IO2wzkngriUF7Rr0tX4iLCBUmaVEPRl5eKt0BItntm7uue0ZhgZdZFbBSotuj2Du&#13;+gtKJEgb3o7+FsX1JlWJJs3ESL/B4ZjujXzuoq5l2Y/S0c46WeFFyoSRdW9e79JpG9mpp9Q=</X509Certificate></X509Data></KeyInfo></Signature></NFe>
<protNFe xmlns="http://www.portalfiscal.inf.br/nfe" versao="4.00"><infProt><tpAmb>1</tpAmb><verAplic>SVRSnfce2501301714DR</verAplic><chNFe>15250248294741000159650020000011781100011789</chNFe><dhRecbto>2025-02-07T09:47:36-03:00</dhRecbto><nProt>215250073118759</nProt><digVal>xhYxmRYJ+8TUK93pVT34Vt9fI0I=</digVal><cStat>100</cStat><xMotivo>Autorizado o uso da NF-e</xMotivo></infProt></protNFe></nfeProc>