<?xml version="1.0" encoding="UTF-8"?><nfeProc versao="4.00" xmlns="http://www.portalfiscal.inf.br/nfe">
<NFe xmlns="http://www.portalfiscal.inf.br/nfe"><infNFe Id="NFe15250255022942000162650010000001581100001586" versao="4.00"><ide><cUF>15</cUF><cNF>10000158</cNF><natOp>VENDA PDV NFC-E</natOp><mod>65</mod><serie>1</serie><nNF>158</nNF><dhEmi>2025-02-22T10:43:04-03:00</dhEmi><tpNF>1</tpNF><idDest>1</idDest><cMunFG>1501402</cMunFG><tpImp>4</tpImp><tpEmis>1</tpEmis><cDV>6</cDV><tpAmb>1</tpAmb><finNFe>1</finNFe><indFinal>1</indFinal><indPres>1</indPres><procEmi>0</procEmi><verProc>LCV3.1.8</verProc></ide><emit><CNPJ>55022942000162</CNPJ><xNome>L B LOPES LTDA</xNome><xFant>FARMACIA MINI PRECO</xFant><enderEmit><xLgr>RUA QUINZE</xLgr><nro>222</nro><xBairro>MARACANGALHA</xBairro><cMun>1501402</cMun><xMun>BELEM</xMun><UF>PA</UF><CEP>66110059</CEP><cPais>1058</cPais><xPais>BRASIL</xPais><fone>9185888435</fone></enderEmit><IE>159548012</IE><CRT>1</CRT></emit><det nItem="1"><prod><cProd>100122</cProd><cEAN>7899547524789</cEAN><xProd>CITRATO DE SILDENAFILA 50MG CX 4 COMP REV</xProd><NCM>30049099</NCM><CEST>0000000</CEST><CFOP>5405</CFOP><uCom>UN</uCom><qCom>2.0000</qCom><vUnCom>10.0000</vUnCom><vProd>20.00</vProd><cEANTrib>7899547524789</cEANTrib><uTrib>UN</uTrib><qTrib>2.0000</qTrib><vUnTrib>10.0000</vUnTrib><indTot>1</indTot></prod><imposto><vTotTrib>0.00</vTotTrib><ICMS><ICMSSN500><orig>0</orig><CSOSN>500</CSOSN><vBCSTRet>0.00</vBCSTRet><pST>0.00</pST><vICMSSTRet>0.00</vICMSSTRet><pRedBCEfet>0.00</pRedBCEfet><vBCEfet>0.00</vBCEfet><pICMSEfet>0.00</pICMSEfet><vICMSEfet>0.00</vICMSEfet></ICMSSN500></ICMS><PIS><PISAliq><CST>01</CST><vBC>20.00</vBC><pPIS>0.0000</pPIS><vPIS>0.00</vPIS></PISAliq></PIS><COFINS><COFINSAliq><CST>01</CST><vBC>20.00</vBC><pCOFINS>0.0000</pCOFINS><vCOFINS>0.00</vCOFINS></COFINSAliq></COFINS></imposto></det><det nItem="2"><prod><cProd>100571</cProd><cEAN>7898148296729</cEAN><xProd>HIDROCLOROTIAZIDA 25MG 30 CPS / GEN HIDROCLOROTIAZIDA / ( ND )</xProd><NCM>30049079</NCM><CEST>1300200</CEST><CFOP>5405</CFOP><uCom>CT</uCom><qCom>1.0000</qCom><vUnCom>5.0000</vUnCom><vProd>5.00</vProd><cEANTrib>7898148296729</cEANTrib><uTrib>CT</uTrib><qTrib>1.0000</qTrib><vUnTrib>5.0000</vUnTrib><indTot>1</indTot></prod><imposto><vTotTrib>0.00</vTotTrib><ICMS><ICMSSN500><orig>0</orig><CSOSN>500</CSOSN><vBCSTRet>0.00</vBCSTRet><pST>0.00</pST><vICMSSTRet>0.00</vICMSSTRet><pRedBCEfet>0.00</pRedBCEfet><vBCEfet>0.00</vBCEfet><pICMSEfet>0.00</pICMSEfet><vICMSEfet>0.00</vICMSEfet></ICMSSN500></ICMS><PIS><PISAliq><CST>01</CST><vBC>5.00</vBC><pPIS>0.0000</pPIS><vPIS>0.00</vPIS></PISAliq></PIS><COFINS><COFINSAliq><CST>01</CST><vBC>5.00</vBC><pCOFINS>0.0000</pCOFINS><vCOFINS>0.00</vCOFINS></COFINSAliq></COFINS></imposto></det><total><ICMSTot><vBC>0.00</vBC><vICMS>0.00</vICMS><vICMSDeson>0.00</vICMSDeson><vFCPUFDest>0.00</vFCPUFDest><vICMSUFDest>0.00</vICMSUFDest><vICMSUFRemet>0.00</vICMSUFRemet><vFCP>0.00</vFCP><vBCST>0.00</vBCST><vST>0.00</vST><vFCPST>0.00</vFCPST><vFCPSTRet>0.00</vFCPSTRet><vProd>25.00</vProd><vFrete>0.00</vFrete><vSeg>0.00</vSeg><vDesc>0.00</vDesc><vII>0.00</vII><vIPI>0.00</vIPI><vIPIDevol>0.00</vIPIDevol><vPIS>0.00</vPIS><vCOFINS>0.00</vCOFINS><vOutro>0.00</vOutro><vNF>25.00</vNF><vTotTrib>0.00</vTotTrib></ICMSTot></total><transp><modFrete>9</modFrete></transp><pag><detPag><tPag>04</tPag><vPag>25.00</vPag></detPag></pag><infAdic><infCpl>AGRADECEMOS A PREFERENCIA-VD:GERENCIA</infCpl></infAdic><infRespTec><CNPJ>14988683000141</CNPJ><xContato>LEONARDO CRISPIM</xContato><email>leonardo.crispim@lcsistemas.com.br</email><fone>9134442046</fone></infRespTec></infNFe><infNFeSupl><qrCode><![CDATA[http://appnfc.sefa.pa.gov.br/portal/view/consultas/nfce/nfceForm.seam?p=15250255022942000162650010000001581100001586|2|1|1|0C209EE97E2F2B258B9419B235CE0232FA214674]]></qrCode><urlChave>https://appnfc.sefa.pa.gov.br/portal/view/consultas/nfce/consultanfce.seam</urlChave></infNFeSupl><Signature xmlns="http://www.w3.org/2000/09/xmldsig#"><SignedInfo><CanonicalizationMethod Algorithm="http://www.w3.org/TR/2001/REC-xml-c14n-20010315"/><SignatureMethod Algorithm="http://www.w3.org/2000/09/xmldsig#rsa-sha1"/><Reference URI="#NFe15250255022942000162650010000001581100001586"><Transforms><Transform Algorithm="http://www.w3.org/2000/09/xmldsig#enveloped-signature"/><Transform Algorithm="http://www.w3.org/TR/2001/REC-xml-c14n-20010315"/></Transforms><DigestMethod Algorithm="http://www.w3.org/2000/09/xmldsig#sha1"/><DigestValue>gDs5g93giBdfctk+8sk1IrWayDs=</DigestValue></Reference></SignedInfo><SignatureValue>fvUAD+1jneVO7tQV8XpE2FBe458vM4syb96A6+Csi94enUjMvsWJ0fcjeJ6ID2w5dHr1Rqe27osn&#13;PWnElTVmMfVgGjHv9SW7HjY1+kiLrmbo3EvDq1nFAKtw/rF4lG1GFiGYLRjV6h7XYcAIrF+Poz3k&#13;8Y/By5Z4KaAQ7B6PWQQsESvMMvVCUsTyPmkJTZ06yJVZYmf2jYAykizi2t3k8pZ8jo+uO1BxrzbT&#13;BqWgX/cRewMrJoLDywlGeq5hpKMQjvvv3L1etZBrJQofG6Iaxx6MwqkY8qVuk7BA/2SwqEY4O6Wv&#13;K72Dod5aQtdlM7Ont5ClBTBV5z03hXQKx/ctbg==</SignatureValue><KeyInfo><X509Data><X509Certificate>MIIHgjCCBWqgAwIBAgIIWPRRLw2h3nMwDQYJKoZIhvcNAQELBQAwdjELMAkGA1UEBhMCQlIxEzAR&#13;BgNVBAoTCklDUC1CcmFzaWwxNjA0BgNVBAsTLVNlY3JldGFyaWEgZGEgUmVjZWl0YSBGZWRlcmFs&#13;IGRvIEJyYXNpbCAtIFJGQjEaMBgGA1UEAxMRQUMgUkVERSBJREVJQSBSRkIwHhcNMjQwNjI1MTYw&#13;OTQ0WhcNMjUwNjI1MTYwOTQ0WjCB6zELMAkGA1UEBhMCQlIxEzARBgNVBAoTCklDUC1CcmFzaWwx&#13;CzAJBgNVBAgTAlBBMQ4wDAYDVQQHEwVCRUxFTTEXMBUGA1UECxMOMzk4NzQ1MjUwMDAxOTExNjA0&#13;BgNVBAsTLVNlY3JldGFyaWEgZGEgUmVjZWl0YSBGZWRlcmFsIGRvIEJyYXNpbCAtIFJGQjEWMBQG&#13;A1UECxMNUkZCIGUtQ05QSiBBMTEZMBcGA1UECxMQdmlkZW9jb25mZXJlbmNpYTEmMCQGA1UEAxMd&#13;TCBCIExPUEVTIExUREE6NTUwMjI5NDIwMDAxNjIwggEiMA0GCSqGSIb3DQEBAQUAA4IBDwAwggEK&#13;AoIBAQDFTm3EjAsristlXTNmhjFGerg94HR1pkffqaqU1BGuiuMGZPDV3D0pK3iAGAmLwpqVRJY5&#13;44TNlh3GwKsRgRzPyeDsu/jngKuixdrfB5zcyfXnva5G2qKKQnlXWezrRpBrqj53pBvmGrgw5+VF&#13;LyIacLAIa31ZL66KH/BlEwXufpysjmV4u3BnOnStMJKEMzlKvO8v/oOe5m6O8pFRP07kA+0odPHT&#13;PqHUWEYVVJIloDjf2WAL6QYb3QftE9a8GTfCUSlip/l0unXQQcxJ67O+/npFmUkCT7t4ikAb9GP9&#13;NaxcXywEeYiK9suQ8n2LMeAbBoCr+wCrhYqLZV7mWmHtAgMBAAGjggKcMIICmDAfBgNVHSMEGDAW&#13;gBT6U/PdMDV+VPZ1sF1QdNXXR70fpDAOBgNVHQ8BAf8EBAMCBeAwbwYDVR0gBGgwZjBkBgZgTAEC&#13;AWUwWjBYBggrBgEFBQcCARZMaHR0cDovL3JlcG9zaXRvcmlvLmFjcmVkZWlkZWlhLmNvbS5ici9h&#13;Yy1yZWRlaWRlaWFyZmIvZHBjLWFjcmVkZWlkZWlhcmZiLnBkZjCBtgYDVR0fBIGuMIGrMFOgUaBP&#13;hk1odHRwOi8vcmVwb3NpdG9yaW8uYWNyZWRlaWRlaWEuY29tLmJyL2FjLXJlZGVpZGVpYXJmYi9s&#13;Y3ItYWMtcmVkZWlkZWlhcmZiLmNybDBUoFKgUIZOaHR0cDovL3JlcG9zaXRvcmlvMi5hY3JlZGVp&#13;ZGVpYS5jb20uYnIvYWMtcmVkZWlkZWlhcmZiL2xjci1hYy1yZWRlaWRlaWFyZmIuY3JsMGUGCCsG&#13;AQUFBwEBBFkwVzBVBggrBgEFBQcwAoZJaHR0cDovL3JlcG9zaXRvcmlvLmFjcmVkZWlkZWlhLmNv&#13;bS5ici9hYy1yZWRlaWRlaWFyZmIvYWMtcmVkZWlkZWlhcmZiLnA3YjCBtAYDVR0RBIGsMIGpgRtK&#13;T1RBQ09OU1VMVE9SSUFAT1VUTE9PSy5DT02gHAYFYEwBAwKgExMRTFVDQVMgQlJJVE8gTE9QRVOg&#13;GQYFYEwBAwOgEBMONTUwMjI5NDIwMDAxNjKgOAYFYEwBAwSgLxMtMDEwOTIwMDAwMzU4NDU3MDI1&#13;NTAwMDAwMDAwMDAwMDAwMDAwMDAwMDAwMDAwoBcGBWBMAQMHoA4TDDAwMDAwMDAwMDAwMDAdBgNV&#13;HSUEFjAUBggrBgEFBQcDAgYIKwYBBQUHAwQwDQYJKoZIhvcNAQELBQADggIBAAQzY7lPZB858Rbn&#13;ZVo0N6U9BD0coJ6JfFLNuHlPgLj78swozmWYfh0H63jQZ0q26ehNm8XFr1xBPmIxI5KI52E5DNG5&#13;UINaYnArGLlOBZAcWxVUZaMtXj1izstbgYACaYzjr72tTjJaDW9Y+uDoTcye55FCyFDJKLCagjqZ&#13;DcCksE91eoGtPwoNslkR0PH0lRzkJkgB8demk9F5ea+tkWtxYvcsOPpztKUWNyiYIccPm+egdeox&#13;KuU31j7ePg3aO4w5YPlyhc1kbzw46IjtEdn74PpBaUkkI9gjE05zgWlgov4hgruqZPlUGipn9vtw&#13;aytMKPPqvtg0bLw/Yf/Tup4SQnYMmdOYNGu3zOFM4YcFRLNTRucQa04NJnazrZXgOloPLLstDwCe&#13;Xh2ZWl2xXfDhLdwFVNmdMevXWo1uofxLog8kqUS3pp2EE6fuiU6d3+B2R8YBnbNYPZo2mSAXhWf3&#13;HLj7qKjzJwodonSGl7BQC/yPyGGQEDUvlLoIRx+2Y+oTC5POsHMWMy93kDXK5IIUsGwL1A4Fk19+&#13;Sqog0IOeWAMyPh7mHuBNK7FN1pKiJMEMYqSnXi9eeRP98GSlpxtbuaWrwWC6gYtX/v91LxyPCOVn&#13;tk/YWVjj01UEJTxCMO23+E8odGR5kYuJRAac5MgqGBkV1pT+FaGRnqJzSWlP</X509Certificate></X509Data></KeyInfo></Signature></NFe>
<protNFe xmlns="http://www.portalfiscal.inf.br/nfe" versao="4.00"><infProt><tpAmb>1</tpAmb><verAplic>SVRSnfce2501301714DR</verAplic><chNFe>15250255022942000162650010000001581100001586</chNFe><dhRecbto>2025-02-22T10:43:24-03:00</dhRecbto><nProt>215250103125482</nProt><digVal>gDs5g93giBdfctk+8sk1IrWayDs=</digVal><cStat>100</cStat><xMotivo>Autorizado o uso da NF-e</xMotivo></infProt></protNFe></nfeProc>