<?xml version="1.0" encoding="UTF-8"?><nfeProc versao="4.00" xmlns="http://www.portalfiscal.inf.br/nfe"><NFe xmlns="http://www.portalfiscal.inf.br/nfe"><infNFe Id="NFe15250250688114000144650010000054079100054079" versao="4.00"><ide><cUF>15</cUF><cNF>10005407</cNF><natOp>VENDA PDV NFC-e</natOp><mod>65</mod><serie>1</serie><nNF>5407</nNF><dhEmi>2025-02-10T12:14:30-03:00</dhEmi><tpNF>1</tpNF><idDest>1</idDest><cMunFG>1501402</cMunFG><tpImp>4</tpImp><tpEmis>9</tpEmis><cDV>9</cDV><tpAmb>1</tpAmb><finNFe>1</finNFe><indFinal>1</indFinal><indPres>1</indPres><procEmi>0</procEmi><verProc>LCV1.3.1</verProc><dhCont>2025-02-10T12:14:30-03:00</dhCont><xJust>FALTA DE INTERNET NO ESTABELECIMENTO</xJust></ide><emit><CNPJ>50688114000144</CNPJ><xNome>COMERCIO DE PRODUTOS FARMACEUTICOS DA ILHA LTDA</xNome><xFant>ILHAS FARMA</xFant><enderEmit><xLgr>TRV SIQUEIRA MENDES</xLgr><nro>142</nro><xBairro>VILA (MOSQUEIRO)</xBairro><cMun>1501402</cMun><xMun>BELEM</xMun><UF>PA</UF><CEP>66910110</CEP><cPais>1058</cPais><xPais>BRASIL</xPais><fone>91998273348</fone></enderEmit><IE>158958080</IE><CRT>1</CRT></emit><det nItem="1"><prod><cProd>2097</cProd><cEAN>7896523209647</cEAN><xProd>GEN CIPROFLOXACINO 500MG C/14 COMP*</xProd><NCM>30039079</NCM><CEST>0000000</CEST><CFOP>5405</CFOP><uCom>UN</uCom><qCom>1.0000</qCom><vUnCom>25.0000</vUnCom><vProd>25.00</vProd><cEANTrib>7896523209647</cEANTrib><uTrib>UN</uTrib><qTrib>1.0000</qTrib><vUnTrib>25.0000</vUnTrib><indTot>1</indTot></prod><imposto><vTotTrib>0.00</vTotTrib><ICMS><ICMSSN500><orig>0</orig><CSOSN>500</CSOSN><vBCSTRet>0.00</vBCSTRet><pST>0.00</pST><vICMSSTRet>0.00</vICMSSTRet><pRedBCEfet>0.00</pRedBCEfet><vBCEfet>0.00</vBCEfet><pICMSEfet>0.00</pICMSEfet><vICMSEfet>0.00</vICMSEfet></ICMSSN500></ICMS><PIS><PISNT><CST>07</CST></PISNT></PIS><COFINS><COFINSNT><CST>07</CST></COFINSNT></COFINS></imposto></det><det nItem="2"><prod><cProd>397</cProd><cEAN>7899547500356</cEAN><xProd>GEN DIPIRONA 1G C/10 COMP</xProd><NCM>30049069</NCM><CEST>0000000</CEST><CFOP>5405</CFOP><uCom>UN</uCom><qCom>1.0000</qCom><vUnCom>20.0000</vUnCom><vProd>20.00</vProd><cEANTrib>7899547500356</cEANTrib><uTrib>UN</uTrib><qTrib>1.0000</qTrib><vUnTrib>20.0000</vUnTrib><indTot>1</indTot></prod><imposto><vTotTrib>0.00</vTotTrib><ICMS><ICMSSN500><orig>0</orig><CSOSN>500</CSOSN><vBCSTRet>0.00</vBCSTRet><pST>0.00</pST><vICMSSTRet>0.00</vICMSSTRet><pRedBCEfet>0.00</pRedBCEfet><vBCEfet>0.00</vBCEfet><pICMSEfet>0.00</pICMSEfet><vICMSEfet>0.00</vICMSEfet></ICMSSN500></ICMS><PIS><PISNT><CST>07</CST></PISNT></PIS><COFINS><COFINSNT><CST>07</CST></COFINSNT></COFINS></imposto></det><det nItem="3"><prod><cProd>1031</cProd><cEAN>7891721029639</cEAN><xProd>ALGINAC 1000MG C/15 COMP</xProd><NCM>30045090</NCM><CEST>0000000</CEST><CFOP>5405</CFOP><uCom>UN</uCom><qCom>1.0000</qCom><vUnCom>49.0000</vUnCom><vProd>49.00</vProd><cEANTrib>7891721029639</cEANTrib><uTrib>UN</uTrib><qTrib>1.0000</qTrib><vUnTrib>49.0000</vUnTrib><indTot>1</indTot></prod><imposto><vTotTrib>0.00</vTotTrib><ICMS><ICMSSN500><orig>0</orig><CSOSN>500</CSOSN><vBCSTRet>0.00</vBCSTRet><pST>0.00</pST><vICMSSTRet>0.00</vICMSSTRet><pRedBCEfet>0.00</pRedBCEfet><vBCEfet>0.00</vBCEfet><pICMSEfet>0.00</pICMSEfet><vICMSEfet>0.00</vICMSEfet></ICMSSN500></ICMS><PIS><PISNT><CST>07</CST></PISNT></PIS><COFINS><COFINSNT><CST>07</CST></COFINSNT></COFINS></imposto></det><det nItem="4"><prod><cProd>355</cProd><cEAN>7896714257594</cEAN><xProd>TORSILAX C/4 COMP</xProd><NCM>30049099</NCM><CEST>0000000</CEST><CFOP>5405</CFOP><uCom>UN</uCom><qCom>1.0000</qCom><vUnCom>4.0000</vUnCom><vProd>4.00</vProd><cEANTrib>7896714257594</cEANTrib><uTrib>UN</uTrib><qTrib>1.0000</qTrib><vUnTrib>4.0000</vUnTrib><indTot>1</indTot></prod><imposto><vTotTrib>0.00</vTotTrib><ICMS><ICMSSN500><orig>0</orig><CSOSN>500</CSOSN><vBCSTRet>0.00</vBCSTRet><pST>0.00</pST><vICMSSTRet>0.00</vICMSSTRet><pRedBCEfet>0.00</pRedBCEfet><vBCEfet>0.00</vBCEfet><pICMSEfet>0.00</pICMSEfet><vICMSEfet>0.00</vICMSEfet></ICMSSN500></ICMS><PIS><PISNT><CST>07</CST></PISNT></PIS><COFINS><COFINSNT><CST>07</CST></COFINSNT></COFINS></imposto></det><total><ICMSTot><vBC>0.00</vBC><vICMS>0.00</vICMS><vICMSDeson>0.00</vICMSDeson><vFCPUFDest>0.00</vFCPUFDest><vICMSUFDest>0.00</vICMSUFDest><vICMSUFRemet>0.00</vICMSUFRemet><vFCP>0.00</vFCP><vBCST>0.00</vBCST><vST>0.00</vST><vFCPST>0.00</vFCPST><vFCPSTRet>0.00</vFCPSTRet><vProd>98.00</vProd><vFrete>0.00</vFrete><vSeg>0.00</vSeg><vDesc>0.00</vDesc><vII>0.00</vII><vIPI>0.00</vIPI><vIPIDevol>0.00</vIPIDevol><vPIS>0.00</vPIS><vCOFINS>0.00</vCOFINS><vOutro>0.00</vOutro><vNF>98.00</vNF><vTotTrib>0.00</vTotTrib></ICMSTot></total><transp><modFrete>9</modFrete></transp><pag><detPag><tPag>03</tPag><vPag>98.00</vPag></detPag></pag><infAdic><infCpl>-VD:ELISSANDRA</infCpl></infAdic><infRespTec><CNPJ>14988683000141</CNPJ><xContato>LEONARDO CRISPIM</xContato><email>leonardo.crispim@lcsistemas.com.br</email><fone>9134442046</fone></infRespTec></infNFe><infNFeSupl><qrCode><![CDATA[http://appnfc.sefa.pa.gov.br/portal/view/consultas/nfce/nfceForm.seam?p=15250250688114000144650010000054079100054079|2|1|10|98.00|74346374783246786a6d56513567795a4d435348474d4d6b4a4a4d3d|1|0C11715ED1DB4433EBF422DCB46BF35FE87FDEEC]]></qrCode><urlChave>https://appnfc.sefa.pa.gov.br/portal/view/consultas/nfce/consultanfce.seam</urlChave></infNFeSupl><Signature xmlns="http://www.w3.org/2000/09/xmldsig#"><SignedInfo><CanonicalizationMethod Algorithm="http://www.w3.org/TR/2001/REC-xml-c14n-20010315"/><SignatureMethod Algorithm="http://www.w3.org/2000/09/xmldsig#rsa-sha1"/><Reference URI="#NFe15250250688114000144650010000054079100054079"><Transforms><Transform Algorithm="http://www.w3.org/2000/09/xmldsig#enveloped-signature"/><Transform Algorithm="http://www.w3.org/TR/2001/REC-xml-c14n-20010315"/></Transforms><DigestMethod Algorithm="http://www.w3.org/2000/09/xmldsig#sha1"/><DigestValue>t4ctx2FxjmVQ5gyZMCSHGMMkJJM=</DigestValue></Reference></SignedInfo><SignatureValue>iJJugdgJgLn5qVzqreTT4Gukd5bPTKt21irtFTGu4lGUUDG+qOUwWsVinR3kKilFOk3+w7pdXXL6&#13;NKCtYH/xM8PKagd8QagDEYaKHQY7PfEGiQnPMXP2oo1uo6flW2zszIQwu5LtzYoeGPoCpC+1m+KC&#13;92NrsjmEzXi75m1PzGeZNUGqoy9dPkomxx7Vgl5o8v+4qE6thJsN36rOBvVqkg6RUURI4I9HhlNi&#13;id5irMwtIp99+oi+PBxJtXyt5q5e0OG+IV06J1fRhGCZrPsTaiGAUvi1TPfyZ/XSbzULP40zBFQV&#13;kFYv2C3Jbjzo6ZfntAw3ItKZXczt/crxPVzhBw==</SignatureValue><KeyInfo><X509Data><X509Certificate>MIIHWDCCBUCgAwIBAgIIHwwkBgctwoQwDQYJKoZIhvcNAQELBQAwWTELMAkGA1UEBhMCQlIxEzAR&#13;BgNVBAoTCklDUC1CcmFzaWwxFTATBgNVBAsTDEFDIFNPTFVUSSB2NTEeMBwGA1UEAxMVQUMgU09M&#13;VVRJIE11bHRpcGxhIHY1MB4XDTI0MDYwNzE0MTIwMFoXDTI1MDYwNzE0MTIwMFowgfgxCzAJBgNV&#13;BAYTAkJSMRMwEQYDVQQKEwpJQ1AtQnJhc2lsMQswCQYDVQQIEwJQQTEOMAwGA1UEBxMFQmVsZW0x&#13;HjAcBgNVBAsTFUFDIFNPTFVUSSBNdWx0aXBsYSB2NTEXMBUGA1UECxMOMzc3Njc4OTAwMDAxNzEx&#13;GTAXBgNVBAsTEFZpZGVvY29uZmVyZW5jaWExGjAYBgNVBAsTEUNlcnRpZmljYWRvIFBKIEExMUcw&#13;RQYDVQQDEz5DT01FUkNJTyBERSBQUk9EVVRPUyBGQVJNQUNFVVRJQ09TIERBIElMSEEgTFREQTo1&#13;MDY4ODExNDAwMDE0NDCCASIwDQYJKoZIhvcNAQEBBQADggEPADCCAQoCggEBAMynMwYDUO2qYhUe&#13;R7T/PdEdMibmHc3tZH3SQikAQ7bnKfJG6HXQUWNp2UpPvZMyxFQ5Owe8wY7lZ+/3IZAyrvFS4Of7&#13;xEgHfnCYfLC8MJ3Ur8huoBD8XHyTkw5ngCGnaM+jXZkZcYVRoYv+H7F2bxdq4ZH7SpNKz7evFD15&#13;oxWgWMXV2YoChkFLIm8Bk1CENs6x3GqkTbpln+qChHDFAVIVBg+UaiY2WyI7YDq1aCXHRJ7rgUyD&#13;Prm4evnbK+LHwMBwrd3V+ay8aNSLGB0PyUa6mZOj0ZL1dNOc7exH+dNptQkdv9RHwpUP7siVUTbI&#13;EDNR/QcYGmVkclg1f+lasdcCAwEAAaOCAoIwggJ+MAkGA1UdEwQCMAAwHwYDVR0jBBgwFoAUxVLt&#13;JYAJ35yCyJ9Hxt20XzHdubEwVAYIKwYBBQUHAQEESDBGMEQGCCsGAQUFBzAChjhodHRwOi8vY2Nk&#13;LmFjc29sdXRpLmNvbS5ici9sY3IvYWMtc29sdXRpLW11bHRpcGxhLXY1LnA3YjCBvQYDVR0RBIG1&#13;MIGygRRpbGhhc2Zhcm1hQGdtYWlsLmNvbaAsBgVgTAEDAqAjEyFFTElTU0FORFJBIEFORFJFQSBD&#13;QVJWQUxITyBDT0VMSE+gGQYFYEwBAwOgEBMONTA2ODgxMTQwMDAxNDSgOAYFYEwBAwSgLxMtMzAw&#13;NDE5NzU1NzEzOTg0OTIzNDAwMDAwMDAwMDAwMDAwMDAwMDAwMDAwMDAwoBcGBWBMAQMHoA4TDDAw&#13;MDAwMDAwMDAwMDBdBgNVHSAEVjBUMFIGBmBMAQIBJjBIMEYGCCsGAQUFBwIBFjpodHRwOi8vY2Nk&#13;LmFjc29sdXRpLmNvbS5ici9kb2NzL2RwYy1hYy1zb2x1dGktbXVsdGlwbGEucGRmMB0GA1UdJQQW&#13;MBQGCCsGAQUFBwMCBggrBgEFBQcDBDCBjAYDVR0fBIGEMIGBMD6gPKA6hjhodHRwOi8vY2NkLmFj&#13;c29sdXRpLmNvbS5ici9sY3IvYWMtc29sdXRpLW11bHRpcGxhLXY1LmNybDA/oD2gO4Y5aHR0cDov&#13;L2NjZDIuYWNzb2x1dGkuY29tLmJyL2xjci9hYy1zb2x1dGktbXVsdGlwbGEtdjUuY3JsMB0GA1Ud&#13;DgQWBBS3GcN6pXm+v5T/i2dYPcctbNy51DAOBgNVHQ8BAf8EBAMCBeAwDQYJKoZIhvcNAQELBQAD&#13;ggIBAKGD/zGOZYpZfDys8gwJZE83MM6WDwxNSi06R+r9hTSc2/cGncQB1kNwICNrf5ecHXQV9Rpg&#13;s6xsBFzUa24m5TRWK5IzOAuLuCR4Zf+LnyhUvPwhx2xSEL3LycqhOdf+KaLBuDXRdktFWDlzYhYK&#13;rYSSLHQkaoZeyK6LmbwD3iLSwIBQk6LEU7b3jIDk1FpI+eMhlzsOgtywCaSH+lkxsIpt/A7VV2Wa&#13;N5vXq8jg5FFdALKRq+4odi+fW1NGWQCl4HLUKsNjKDdKO/jigztUmXwevs+Bjgn+SUMrsuYM/foE&#13;Bvww7HsYOGUcNmlRJuk3pLAnAVLjxv8cm+x/8jUllARu+/Ox2C05wHvvOgEmaCSorgBxfGIo8Fx0&#13;ynv4xiYNRveyrZKNVE6io7RNVSOEvPs1PYXt/MjmlRAsa21mdTn9p1sW7LoII8W24zRIe0E2KEwE&#13;sTihuCrl6/burWKrtAiRUfjsCCM+YB1yvrsPF/B1MQugsgXM1M0Lat0D0dNbstGsBhi2UsLyaQjc&#13;Foxq91Bw57IDXtGzI5PodVjd9ku2k1fzF0JOKEw4j22QOt4DRnFhnFqP+XtpzWAtYR1SljWX/55m&#13;orTn4Rmyw+MYXqbLjbSw+clz1alU4T41aph1DV35XjlLoad5M49BXCA3n402kvBO53vipIlFMjJs&#13;B+VF</X509Certificate></X509Data></KeyInfo></Signature></NFe><protNFe versao="4.00" xmlns="http://www.portalfiscal.inf.br/nfe"><infProt><tpAmb>1</tpAmb><verAplic>SVRSnfce2501301714DR</verAplic><chNFe>15250250688114000144650010000054079100054079</chNFe><dhRecbto>2025-02-10T12:14:39-03:00</dhRecbto><nProt>215250079431198</nProt><digVal>t4ctx2FxjmVQ5gyZMCSHGMMkJJM=</digVal><cStat>100</cStat><xMotivo>Autorizado o uso da NF-e</xMotivo></infProt></protNFe></nfeProc>