<?xml version="1.0" encoding="UTF-8"?><nfeProc versao="4.00" xmlns="http://www.portalfiscal.inf.br/nfe"><NFe xmlns="http://www.portalfiscal.inf.br/nfe"><infNFe Id="NFe15250250688114000144650010000056119100056113" versao="4.00"><ide><cUF>15</cUF><cNF>10005611</cNF><natOp>VENDA PDV NFC-e</natOp><mod>65</mod><serie>1</serie><nNF>5611</nNF><dhEmi>2025-02-27T11:13:45-03:00</dhEmi><tpNF>1</tpNF><idDest>1</idDest><cMunFG>1501402</cMunFG><tpImp>4</tpImp><tpEmis>9</tpEmis><cDV>3</cDV><tpAmb>1</tpAmb><finNFe>1</finNFe><indFinal>1</indFinal><indPres>1</indPres><procEmi>0</procEmi><verProc>LCV1.3.1</verProc><dhCont>2025-02-27T11:13:45-03:00</dhCont><xJust>FALTA DE INTERNET NO ESTABELECIMENTO</xJust></ide><emit><CNPJ>50688114000144</CNPJ><xNome>COMERCIO DE PRODUTOS FARMACEUTICOS DA ILHA LTDA</xNome><xFant>ILHAS FARMA</xFant><enderEmit><xLgr>TRV SIQUEIRA MENDES</xLgr><nro>142</nro><xBairro>VILA (MOSQUEIRO)</xBairro><cMun>1501402</cMun><xMun>BELEM</xMun><UF>PA</UF><CEP>66910110</CEP><cPais>1058</cPais><xPais>BRASIL</xPais><fone>91998273348</fone></enderEmit><IE>158958080</IE><CRT>1</CRT></emit><det nItem="1"><prod><cProd>925</cProd><cEAN>7897947610965</cEAN><xProd>BABYMED AMENDOAS CR 40G</xProd><NCM>33049990</NCM><CEST>0000000</CEST><CFOP>5405</CFOP><uCom>UN</uCom><qCom>2.0000</qCom><vUnCom>15.0000</vUnCom><vProd>30.00</vProd><cEANTrib>7897947610965</cEANTrib><uTrib>UN</uTrib><qTrib>2.0000</qTrib><vUnTrib>15.0000</vUnTrib><indTot>1</indTot></prod><imposto><vTotTrib>0.00</vTotTrib><ICMS><ICMSSN500><orig>0</orig><CSOSN>500</CSOSN><vBCSTRet>0.00</vBCSTRet><pST>0.00</pST><vICMSSTRet>0.00</vICMSSTRet><pRedBCEfet>0.00</pRedBCEfet><vBCEfet>0.00</vBCEfet><pICMSEfet>0.00</pICMSEfet><vICMSEfet>0.00</vICMSEfet></ICMSSN500></ICMS><PIS><PISNT><CST>07</CST></PISNT></PIS><COFINS><COFINSNT><CST>07</CST></COFINSNT></COFINS></imposto></det><det nItem="2"><prod><cProd>1620</cProd><cEAN>7896235353911</cEAN><xProd>DESODORANTE MONANGE AEROSOL PROTECAO SECA 150ML</xProd><NCM>33072010</NCM><CEST>0000000</CEST><CFOP>5102</CFOP><uCom>UN</uCom><qCom>1.0000</qCom><vUnCom>14.0000</vUnCom><vProd>14.00</vProd><cEANTrib>7896235353911</cEANTrib><uTrib>UN</uTrib><qTrib>1.0000</qTrib><vUnTrib>14.0000</vUnTrib><indTot>1</indTot></prod><imposto><vTotTrib>0.00</vTotTrib><ICMS><ICMSSN102><orig>0</orig><CSOSN>102</CSOSN></ICMSSN102></ICMS><PIS><PISNT><CST>07</CST></PISNT></PIS><COFINS><COFINSNT><CST>07</CST></COFINSNT></COFINS></imposto></det><det nItem="3"><prod><cProd>2952</cProd><cEAN>7891350034622</cEAN><xProd>DESODORANTE MONANGE AEROSOL FLOR DE LAVANDA 150ML</xProd><NCM>33072010</NCM><CEST>0000000</CEST><CFOP>5102</CFOP><uCom>UN</uCom><qCom>1.0000</qCom><vUnCom>14.0000</vUnCom><vProd>14.00</vProd><cEANTrib>7891350034622</cEANTrib><uTrib>UN</uTrib><qTrib>1.0000</qTrib><vUnTrib>14.0000</vUnTrib><indTot>1</indTot></prod><imposto><vTotTrib>0.00</vTotTrib><ICMS><ICMSSN102><orig>0</orig><CSOSN>102</CSOSN></ICMSSN102></ICMS><PIS><PISNT><CST>07</CST></PISNT></PIS><COFINS><COFINSNT><CST>07</CST></COFINSNT></COFINS></imposto></det><det nItem="4"><prod><cProd>2033</cProd><cEAN>7896512909190</cEAN><xProd>TALCO BEBE GRANADO 100G</xProd><NCM>33049100</NCM><CEST>0000000</CEST><CFOP>5102</CFOP><uCom>UN</uCom><qCom>1.0000</qCom><vUnCom>16.0000</vUnCom><vProd>16.00</vProd><cEANTrib>7896512909190</cEANTrib><uTrib>UN</uTrib><qTrib>1.0000</qTrib><vUnTrib>16.0000</vUnTrib><indTot>1</indTot></prod><imposto><vTotTrib>0.00</vTotTrib><ICMS><ICMSSN102><orig>0</orig><CSOSN>102</CSOSN></ICMSSN102></ICMS><PIS><PISNT><CST>07</CST></PISNT></PIS><COFINS><COFINSNT><CST>07</CST></COFINSNT></COFINS></imposto></det><det nItem="5"><prod><cProd>2750</cProd><cEAN>7891150065338</cEAN><xProd>SABONETE LIQUIDO DOVE BABY HIDRATACAO GLICERINADA REFIL 180ML</xProd><NCM>34013000</NCM><CEST>0000000</CEST><CFOP>5405</CFOP><uCom>UN</uCom><qCom>2.0000</qCom><vUnCom>16.0000</vUnCom><vProd>32.00</vProd><cEANTrib>7891150065338</cEANTrib><uTrib>UN</uTrib><qTrib>2.0000</qTrib><vUnTrib>16.0000</vUnTrib><indTot>1</indTot></prod><imposto><vTotTrib>0.00</vTotTrib><ICMS><ICMSSN500><orig>0</orig><CSOSN>500</CSOSN><vBCSTRet>0.00</vBCSTRet><pST>0.00</pST><vICMSSTRet>0.00</vICMSSTRet><pRedBCEfet>0.00</pRedBCEfet><vBCEfet>0.00</vBCEfet><pICMSEfet>0.00</pICMSEfet><vICMSEfet>0.00</vICMSEfet></ICMSSN500></ICMS><PIS><PISNT><CST>07</CST></PISNT></PIS><COFINS><COFINSNT><CST>07</CST></COFINSNT></COFINS></imposto></det><det nItem="6"><prod><cProd>2951</cProd><cEAN>78935068</cEAN><xProd>DESODORANTE DOVE ROL-ON GO FRESH ROMA E VERBENA 50ML</xProd><NCM>33072010</NCM><CEST>0000000</CEST><CFOP>5102</CFOP><uCom>UN</uCom><qCom>1.0000</qCom><vUnCom>12.0000</vUnCom><vProd>12.00</vProd><cEANTrib>78935068</cEANTrib><uTrib>UN</uTrib><qTrib>1.0000</qTrib><vUnTrib>12.0000</vUnTrib><indTot>1</indTot></prod><imposto><vTotTrib>0.00</vTotTrib><ICMS><ICMSSN102><orig>0</orig><CSOSN>102</CSOSN></ICMSSN102></ICMS><PIS><PISNT><CST>07</CST></PISNT></PIS><COFINS><COFINSNT><CST>07</CST></COFINSNT></COFINS></imposto></det><det nItem="7"><prod><cProd>2356</cProd><cEAN>7891106006132</cEAN><xProd>PROTOVIT PLUS GTS</xProd><NCM>30045090</NCM><CEST>0000000</CEST><CFOP>5405</CFOP><uCom>UN</uCom><qCom>1.0000</qCom><vUnCom>30.0000</vUnCom><vProd>30.00</vProd><cEANTrib>7891106006132</cEANTrib><uTrib>UN</uTrib><qTrib>1.0000</qTrib><vUnTrib>30.0000</vUnTrib><indTot>1</indTot></prod><imposto><vTotTrib>0.00</vTotTrib><ICMS><ICMSSN500><orig>0</orig><CSOSN>500</CSOSN><vBCSTRet>0.00</vBCSTRet><pST>0.00</pST><vICMSSTRet>0.00</vICMSSTRet><pRedBCEfet>0.00</pRedBCEfet><vBCEfet>0.00</vBCEfet><pICMSEfet>0.00</pICMSEfet><vICMSEfet>0.00</vICMSEfet></ICMSSN500></ICMS><PIS><PISNT><CST>07</CST></PISNT></PIS><COFINS><COFINSNT><CST>07</CST></COFINSNT></COFINS></imposto></det><det nItem="8"><prod><cProd>1163</cProd><cEAN>7894164001132</cEAN><xProd>VITAXON C C/10 COMP EFERV</xProd><NCM>30045090</NCM><CEST>0000000</CEST><CFOP>5405</CFOP><uCom>UN</uCom><qCom>1.0000</qCom><vUnCom>12.0000</vUnCom><vProd>12.00</vProd><cEANTrib>7894164001132</cEANTrib><uTrib>UN</uTrib><qTrib>1.0000</qTrib><vUnTrib>12.0000</vUnTrib><indTot>1</indTot></prod><imposto><vTotTrib>0.00</vTotTrib><ICMS><ICMSSN500><orig>0</orig><CSOSN>500</CSOSN><vBCSTRet>0.00</vBCSTRet><pST>0.00</pST><vICMSSTRet>0.00</vICMSSTRet><pRedBCEfet>0.00</pRedBCEfet><vBCEfet>0.00</vBCEfet><pICMSEfet>0.00</pICMSEfet><vICMSEfet>0.00</vICMSEfet></ICMSSN500></ICMS><PIS><PISNT><CST>07</CST></PISNT></PIS><COFINS><COFINSNT><CST>07</CST></COFINSNT></COFINS></imposto></det><total><ICMSTot><vBC>0.00</vBC><vICMS>0.00</vICMS><vICMSDeson>0.00</vICMSDeson><vFCPUFDest>0.00</vFCPUFDest><vICMSUFDest>0.00</vICMSUFDest><vICMSUFRemet>0.00</vICMSUFRemet><vFCP>0.00</vFCP><vBCST>0.00</vBCST><vST>0.00</vST><vFCPST>0.00</vFCPST><vFCPSTRet>0.00</vFCPSTRet><vProd>160.00</vProd><vFrete>0.00</vFrete><vSeg>0.00</vSeg><vDesc>0.00</vDesc><vII>0.00</vII><vIPI>0.00</vIPI><vIPIDevol>0.00</vIPIDevol><vPIS>0.00</vPIS><vCOFINS>0.00</vCOFINS><vOutro>0.00</vOutro><vNF>160.00</vNF><vTotTrib>0.00</vTotTrib></ICMSTot></total><transp><modFrete>9</modFrete></transp><pag><detPag><tPag>04</tPag><vPag>160.00</vPag></detPag></pag><infAdic><infCpl>-VD:ELISSANDRA</infCpl></infAdic><infRespTec><CNPJ>14988683000141</CNPJ><xContato>LEONARDO CRISPIM</xContato><email>leonardo.crispim@lcsistemas.com.br</email><fone>9134442046</fone></infRespTec></infNFe><infNFeSupl><qrCode><![CDATA[http://appnfc.sefa.pa.gov.br/portal/view/consultas/nfce/nfceForm.seam?p=15250250688114000144650010000056119100056113|2|1|27|160.00|365144674d746659423977363751424a6b764e6c6f7662443739383d|1|B1558F56F89F51D69F4E55965BD7A0C18CE5ADB8]]></qrCode><urlChave>https://appnfc.sefa.pa.gov.br/portal/view/consultas/nfce/consultanfce.seam</urlChave></infNFeSupl><Signature xmlns="http://www.w3.org/2000/09/xmldsig#"><SignedInfo><CanonicalizationMethod Algorithm="http://www.w3.org/TR/2001/REC-xml-c14n-20010315"/><SignatureMethod Algorithm="http://www.w3.org/2000/09/xmldsig#rsa-sha1"/><Reference URI="#NFe15250250688114000144650010000056119100056113"><Transforms><Transform Algorithm="http://www.w3.org/2000/09/xmldsig#enveloped-signature"/><Transform Algorithm="http://www.w3.org/TR/2001/REC-xml-c14n-20010315"/></Transforms><DigestMethod Algorithm="http://www.w3.org/2000/09/xmldsig#sha1"/><DigestValue>6QDgMtfYB9w67QBJkvNlovbD798=</DigestValue></Reference></SignedInfo><SignatureValue>sroUVFa57Os3xKisYzSaMMs7ItUwGFRRzapY8lgKToZkVihxQZW3JoPIzjudBn+7DJE1NlAF609v&#13;0q2OF74fIwIaApNOhd8J0SikI6b1sKeQo3uMhHbGJQ/mbejbJSAzeUkA3ApNEE5ToA94gEcZNAXs&#13;AGqQb2aItNgIr9lmPHdolEW5Q0WoDVcmMdEk5DLAap9Lx7p5mORf7921ulvc3sZZIiKMfh1tyNYi&#13;nFysSy9Umm2O7tkbyVep7RQL6baN5PLbzwgsgIV6OE636uzSvvJxHDqiyBC8MLahyhLFTnT1SyXK&#13;ShuMDKnrtOqgSeYz+eLt/S8aWxycCO8fGNCrgQ==</SignatureValue><KeyInfo><X509Data><X509Certificate>MIIHWDCCBUCgAwIBAgIIHwwkBgctwoQwDQYJKoZIhvcNAQELBQAwWTELMAkGA1UEBhMCQlIxEzAR&#13;BgNVBAoTCklDUC1CcmFzaWwxFTATBgNVBAsTDEFDIFNPTFVUSSB2NTEeMBwGA1UEAxMVQUMgU09M&#13;VVRJIE11bHRpcGxhIHY1MB4XDTI0MDYwNzE0MTIwMFoXDTI1MDYwNzE0MTIwMFowgfgxCzAJBgNV&#13;BAYTAkJSMRMwEQYDVQQKEwpJQ1AtQnJhc2lsMQswCQYDVQQIEwJQQTEOMAwGA1UEBxMFQmVsZW0x&#13;HjAcBgNVBAsTFUFDIFNPTFVUSSBNdWx0aXBsYSB2NTEXMBUGA1UECxMOMzc3Njc4OTAwMDAxNzEx&#13;GTAXBgNVBAsTEFZpZGVvY29uZmVyZW5jaWExGjAYBgNVBAsTEUNlcnRpZmljYWRvIFBKIEExMUcw&#13;RQYDVQQDEz5DT01FUkNJTyBERSBQUk9EVVRPUyBGQVJNQUNFVVRJQ09TIERBIElMSEEgTFREQTo1&#13;MDY4ODExNDAwMDE0NDCCASIwDQYJKoZIhvcNAQEBBQADggEPADCCAQoCggEBAMynMwYDUO2qYhUe&#13;R7T/PdEdMibmHc3tZH3SQikAQ7bnKfJG6HXQUWNp2UpPvZMyxFQ5Owe8wY7lZ+/3IZAyrvFS4Of7&#13;xEgHfnCYfLC8MJ3Ur8huoBD8XHyTkw5ngCGnaM+jXZkZcYVRoYv+H7F2bxdq4ZH7SpNKz7evFD15&#13;oxWgWMXV2YoChkFLIm8Bk1CENs6x3GqkTbpln+qChHDFAVIVBg+UaiY2WyI7YDq1aCXHRJ7rgUyD&#13;Prm4evnbK+LHwMBwrd3V+ay8aNSLGB0PyUa6mZOj0ZL1dNOc7exH+dNptQkdv9RHwpUP7siVUTbI&#13;EDNR/QcYGmVkclg1f+lasdcCAwEAAaOCAoIwggJ+MAkGA1UdEwQCMAAwHwYDVR0jBBgwFoAUxVLt&#13;JYAJ35yCyJ9Hxt20XzHdubEwVAYIKwYBBQUHAQEESDBGMEQGCCsGAQUFBzAChjhodHRwOi8vY2Nk&#13;LmFjc29sdXRpLmNvbS5ici9sY3IvYWMtc29sdXRpLW11bHRpcGxhLXY1LnA3YjCBvQYDVR0RBIG1&#13;MIGygRRpbGhhc2Zhcm1hQGdtYWlsLmNvbaAsBgVgTAEDAqAjEyFFTElTU0FORFJBIEFORFJFQSBD&#13;QVJWQUxITyBDT0VMSE+gGQYFYEwBAwOgEBMONTA2ODgxMTQwMDAxNDSgOAYFYEwBAwSgLxMtMzAw&#13;NDE5NzU1NzEzOTg0OTIzNDAwMDAwMDAwMDAwMDAwMDAwMDAwMDAwMDAwoBcGBWBMAQMHoA4TDDAw&#13;MDAwMDAwMDAwMDBdBgNVHSAEVjBUMFIGBmBMAQIBJjBIMEYGCCsGAQUFBwIBFjpodHRwOi8vY2Nk&#13;LmFjc29sdXRpLmNvbS5ici9kb2NzL2RwYy1hYy1zb2x1dGktbXVsdGlwbGEucGRmMB0GA1UdJQQW&#13;MBQGCCsGAQUFBwMCBggrBgEFBQcDBDCBjAYDVR0fBIGEMIGBMD6gPKA6hjhodHRwOi8vY2NkLmFj&#13;c29sdXRpLmNvbS5ici9sY3IvYWMtc29sdXRpLW11bHRpcGxhLXY1LmNybDA/oD2gO4Y5aHR0cDov&#13;L2NjZDIuYWNzb2x1dGkuY29tLmJyL2xjci9hYy1zb2x1dGktbXVsdGlwbGEtdjUuY3JsMB0GA1Ud&#13;DgQWBBS3GcN6pXm+v5T/i2dYPcctbNy51DAOBgNVHQ8BAf8EBAMCBeAwDQYJKoZIhvcNAQELBQAD&#13;ggIBAKGD/zGOZYpZfDys8gwJZE83MM6WDwxNSi06R+r9hTSc2/cGncQB1kNwICNrf5ecHXQV9Rpg&#13;s6xsBFzUa24m5TRWK5IzOAuLuCR4Zf+LnyhUvPwhx2xSEL3LycqhOdf+KaLBuDXRdktFWDlzYhYK&#13;rYSSLHQkaoZeyK6LmbwD3iLSwIBQk6LEU7b3jIDk1FpI+eMhlzsOgtywCaSH+lkxsIpt/A7VV2Wa&#13;N5vXq8jg5FFdALKRq+4odi+fW1NGWQCl4HLUKsNjKDdKO/jigztUmXwevs+Bjgn+SUMrsuYM/foE&#13;Bvww7HsYOGUcNmlRJuk3pLAnAVLjxv8cm+x/8jUllARu+/Ox2C05wHvvOgEmaCSorgBxfGIo8Fx0&#13;ynv4xiYNRveyrZKNVE6io7RNVSOEvPs1PYXt/MjmlRAsa21mdTn9p1sW7LoII8W24zRIe0E2KEwE&#13;sTihuCrl6/burWKrtAiRUfjsCCM+YB1yvrsPF/B1MQugsgXM1M0Lat0D0dNbstGsBhi2UsLyaQjc&#13;Foxq91Bw57IDXtGzI5PodVjd9ku2k1fzF0JOKEw4j22QOt4DRnFhnFqP+XtpzWAtYR1SljWX/55m&#13;orTn4Rmyw+MYXqbLjbSw+clz1alU4T41aph1DV35XjlLoad5M49BXCA3n402kvBO53vipIlFMjJs&#13;B+VF</X509Certificate></X509Data></KeyInfo></Signature></NFe><protNFe versao="4.00" xmlns="http://www.portalfiscal.inf.br/nfe"><infProt><tpAmb>1</tpAmb><verAplic>SVRSnfce2501301714DR</verAplic><chNFe>15250250688114000144650010000056119100056113</chNFe><dhRecbto>2025-03-03T08:58:35-03:00</dhRecbto><nProt>215250120859877</nProt><digVal>6QDgMtfYB9w67QBJkvNlovbD798=</digVal><cStat>150</cStat><xMotivo>Autorizado o uso da NF-e, autorizacao fora de prazo</xMotivo></infProt></protNFe></nfeProc>